,Gene_set,Term,Overlap,P-value,Adjusted P-value,Old P-value,Old Adjusted P-value,Odds Ratio,Combined Score,Genes
0,KEGG_2021_Human,T cell receptor signaling pathway,19/104,1.6771431760017826e-12,4.092229349444349e-10,0,0,10.119124487004104,274.36922551845447,ITK;CD8B2;CD3G;CD3E;RASGRP1;PPP3CC;CD40LG;CD8B;IFNG;CD8A;LCK;GRAP2;CD28;CTLA4;FYN;CD247;ICOS;CARD11;LAT
1,KEGG_2021_Human,Hematopoietic cell lineage,15/99,5.646508418514357e-09,6.888740270587516e-07,0,0,8.00979262672811,152.12381149878027,CSF1;TFRC;ITGA1;CD8B2;FLT3LG;CD3G;CD3E;EPOR;CD2;CD8B;CD8A;IL7;CD5;CD7;IL7R
2,KEGG_2021_Human,Cell adhesion molecules,17/148,3.95528363729882e-08,3.21696402500304e-06,0,0,5.83368674017529,99.43885654522175,CD274;CD8B2;CD2;CD40LG;CD8B;CD6;CDH1;CD8A;CD28;CTLA4;CD226;NCAM1;ICOS;TIGIT;NEO1;NECTIN3;NECTIN1
3,KEGG_2021_Human,Cytokine-cytokine receptor interaction,24/295,6.268467796307138e-08,3.8237653557473545e-06,0,0,4.01753852832646,66.63147426095131,IL32;CSF1;ACVR2A;EPOR;CD40LG;IL18RAP;IFNG;IL23A;IL7;CCL5;IL2RB;LEPR;LTA;XCL2;IL21R;CD27;XCL1;CCL2;CCR7;LTB;IL6ST;IL7R;CCR4;IL18R1
4,KEGG_2021_Human,Th17 cell differentiation,14/107,1.225112352465826e-07,5.978548280033229e-06,0,0,6.733704115684094,107.16732586328924,RORA;CD3G;GATA3;CD3E;PPP3CC;IFNG;IL23A;LCK;TBX21;IL2RB;IL21R;CD247;IL6ST;LAT
5,KEGG_2021_Human,Th1 and Th2 cell differentiation,12/92,1.0124461079320298e-06,4.117280838923588e-05,0,0,6.683409610983982,92.25204699973,PPP3CC;MAF;IFNG;LCK;TBX21;IL2RB;STAT4;CD3G;GATA3;CD247;CD3E;LAT
6,KEGG_2021_Human,Primary immunodeficiency,8/38,1.6413672804229612e-06,5.32727956595585e-05,0,0,11.80408163265306,157.2301425487606,CD40LG;CD8B;CD8A;LCK;CD8B2;CD3E;ICOS;IL7R
7,KEGG_2021_Human,Inflammatory bowel disease,10/65,1.746649038018311e-06,5.32727956595585e-05,0,0,8.074549596189687,107.05085601799593,IL18RAP;MAF;IFNG;IL23A;TBX21;IL21R;STAT4;RORA;GATA3;IL18R1
8,KEGG_2021_Human,Viral protein interaction with cytokine and cytokine receptor,12/100,2.4931709081681213e-06,6.759263351033573e-05,0,0,6.073330559600582,78.35783879810275,IL18RAP;CSF1;CCL5;IL2RB;LTA;XCL2;XCL1;CCL2;CCR7;IL6ST;CCR4;IL18R1
9,KEGG_2021_Human,PD-L1 expression and PD-1 checkpoint pathway in cancer,11/89,4.886611399316579e-06,0.00011923331814332453,0,0,6.2698454513523005,76.67401187741686,EML4;CD274;PPP3CC;IFNG;LCK;CD28;CD3G;CD247;CD3E;RASGRP1;LAT
10,KEGG_2021_Human,Natural killer cell mediated cytotoxicity,13/131,8.128977828014276e-06,0.00018031550818504397,0,0,4.910375524801742,57.549971249217954,KLRC2;KLRC3;GZMB;KLRK1;PPP3CC;IFNG;LCK;KLRD1;CD48;FYN;KLRC1;CD247;LAT
11,KEGG_2021_Human,Antigen processing and presentation,9/78,6.189230567030605e-05,0.0012584768819628,0,0,5.775296442687747,55.9632848901912,CD8B;IFNG;KLRC2;CD8A;KLRC3;KLRC4;CD8B2;KLRD1;KLRC1
12,KEGG_2021_Human,JAK-STAT signaling pathway,11/162,0.0011098483217074,0.0203428422789966,0,0,3.226586833590372,21.952186515323728,SOCS3;IFNG;IL23A;IL7;IL2RB;LEPR;IL21R;STAT4;IL6ST;IL7R;EPOR
13,KEGG_2021_Human,Rheumatoid arthritis,8/93,0.0011672122619096,0.0203428422789966,0,0,4.154408430038682,28.05528951218149,CSF1;IFNG;IL23A;CCL5;CD28;CTLA4;CCL2;LTB
14,KEGG_2021_Human,Graft-versus-host disease,5/42,0.0023936180184904,0.0389361864341111,0,0,5.939250060871682,35.84307265548379,IFNG;CD28;GZMB;KLRD1;KLRC1
15,KEGG_2021_Human,Malaria,5/50,0.0051513020589604,0.0744056423844828,0,0,4.881381381381382,25.717585969860064,KLRK1;CD40LG;IFNG;KLRB1;CCL2
16,KEGG_2021_Human,Adherens junction,6/71,0.0051839996743287,0.0744056423844828,0,0,4.06028824448689,21.365961027891363,CDH1;LEF1;TCF7;FYN;NECTIN3;NECTIN1
17,KEGG_2021_Human,Osteoclast differentiation,8/127,0.0079736353329055,0.1045667414525427,0,0,2.9622515672935843,14.312458404506105,SOCS3;PPP3CC;CSF1;IFNG;LCK;CAMK4;SIRPG;FYN
18,KEGG_2021_Human,Chagas disease,7/102,0.0081424921622881,0.1045667414525427,0,0,3.2434389140271493,15.60307854881735,IFNG;PPP2R2B;CCL5;CCL2;CD3G;CD247;CD3E
19,KEGG_2021_Human,NF-kappa B signaling pathway,7/104,0.0090189450743302,0.1100311299068292,0,0,3.1762373466436533,14.955084558421287,CD40LG;LCK;LTA;TRAF1;LTB;CARD11;LAT
20,KEGG_2021_Human,Allograft rejection,4/38,0.0101241707959868,0.1176332225819422,0,0,5.15981493721084,23.698150598895666,CD40LG;IFNG;CD28;GZMB
21,KEGG_2021_Human,TNF signaling pathway,7/112,0.0132250164831418,0.1466774555403006,0,0,2.9330316742081446,12.687253957333777,SOCS3;CSF1;CCL5;LTA;CCL2;TRAF1;IL18R1
22,KEGG_2021_Human,Type I diabetes mellitus,4/43,0.0155112655158302,0.1645542950375036,0,0,4.4971477960242,18.73596638210586,IFNG;CD28;LTA;GZMB
23,KEGG_2021_Human,TGF-beta signaling pathway,6/94,0.019235125882458,0.1955571131383239,0,0,2.995536630412477,11.835416745050852,IFNG;RGMB;NEO1;LTBP1;ACVR2A;SMAD7
24,KEGG_2021_Human,Chemokine signaling pathway,9/192,0.0297781227553157,0.2876357759647179,0,0,2.164828614008942,7.607167247433304,TIAM1;ITK;GNG2;CCL5;XCL2;XCL1;CCL2;CCR7;CCR4
25,KEGG_2021_Human,Autoimmune thyroid disease,4/53,0.0309431788911673,0.2876357759647179,0,0,3.5775280898876405,12.434066272010377,CD40LG;CD28;CTLA4;GZMB
26,KEGG_2021_Human,Pathways in cancer,19/531,0.0318285489797023,0.2876357759647179,0,0,1.6430823037790698,5.664348173710412,TCF7;LEF1;SLC2A1;FLT3LG;TRAF1;ETS1;RASGRP1;EPOR;EML4;GNG2;IFNG;CDH1;IL23A;IL7;IL2RB;STAT4;PIM2;IL6ST;IL7R
27,KEGG_2021_Human,Thyroid cancer,3/37,0.0497588509197366,0.4336128437291333,0,0,3.861184384067528,11.58574214746759,CDH1;LEF1;TCF7
28,KEGG_2021_Human,Nitrogen metabolism,2/17,0.0547663130073368,0.4607924266824202,0,0,5.827293064876957,16.926421620812864,CA3;CA6
29,KEGG_2021_Human,Various types of N-glycan biosynthesis,3/39,0.0566619931541859,0.4608508776540454,0,0,3.646300448430493,10.467258244629429,MGAT4A;MAN1C1;ALG14
30,KEGG_2021_Human,Ferroptosis,3/41,0.0639928038315662,0.5036852946742634,0,0,3.454035874439462,9.495091572014,TFRC;ACSL6;GCLM
31,KEGG_2021_Human,Adipocytokine signaling pathway,4/69,0.0694400419205111,0.5294803196438977,0,0,2.694693171996543,7.1875324755453525,SOCS3;SLC2A1;LEPR;ACSL6
32,KEGG_2021_Human,Porphyrin and chlorophyll metabolism,3/43,0.0717368379188751,0.5304178318850161,0,0,3.280997757847534,8.644611745547168,UROD;CPOX;BLVRB
33,KEGG_2021_Human,Hippo signaling pathway,7/163,0.0751691009355495,0.5391113161359965,0,0,1.9689784197702749,5.095745732848596,PATJ;DLG3;CDH1;PPP2R2B;TCF7;LEF1;SMAD7
34,KEGG_2021_Human,Dopaminergic synapse,6/132,0.0773315412490159,0.5391113161359965,0,0,2.0880361173814896,5.3446486840289165,PPP3CC;GNG2;KIF5C;PPP2R2B;ITPR3;ARNTL
35,KEGG_2021_Human,Yersinia infection,6/137,0.0887136218785518,0.6012812149546295,0,0,2.0078231351127807,4.86363396538233,CD8B;CD8A;LCK;CD8B2;CCL2;LAT
36,KEGG_2021_Human,Intestinal immune network for IgA production,3/48,0.0927997403553073,0.6119766661268919,0,0,2.915695067264574,6.9315152304729,CD40LG;CD28;ICOS
37,KEGG_2021_Human,HIF-1 signaling pathway,5/109,0.099015722056156,0.621351122265853,0,0,2.1057475744975744,4.869492060618321,TFRC;IFNG;SLC2A1;ENO2;PFKM
38,KEGG_2021_Human,Cholesterol metabolism,3/50,0.1018608397157136,0.621351122265853,0,0,2.7913367045129283,6.375825351885086,APOC1;APOE;LDLRAP1
39,KEGG_2021_Human,N-Glycan biosynthesis,3/50,0.1018608397157136,0.621351122265853,0,0,2.7913367045129283,6.375825351885086,MGAT4A;ALG14;MAN1C1
40,KEGG_2021_Human,Peroxisome,4/82,0.1127802482304033,0.6711800138589861,0,0,2.2440795159896285,4.897286278584621,PECR;ABCD2;EPHX2;ACSL6
41,KEGG_2021_Human,Axon guidance,7/182,0.1164851546380643,0.6767232793258977,0,0,1.7534841628959277,3.769975944076177,EPHA4;PPP3CC;SEMA3C;TRPC1;FYN;NEO1;PLXNA4
42,KEGG_2021_Human,Human T-cell leukemia virus 1 infection,8/219,0.1212374689753023,0.6879521495342736,0,0,1.662744086576179,3.5083968451852288,PPP3CC;LCK;IL2RB;SLC2A1;LTA;CD3G;CD3E;ETS1
43,KEGG_2021_Human,Endometrial cancer,3/58,0.1412788115008512,0.7781732431315836,0,0,2.3843456991439056,4.666212111718687,CDH1;LEF1;TCF7
44,KEGG_2021_Human,Kaposi sarcoma-associated herpesvirus infection,7/193,0.1448603651174764,0.7781732431315836,0,0,1.648846883666618,3.1855474461004083,PPP3CC;GNG2;TCF7;LEF1;ITPR3;IL6ST;CCR4
45,KEGG_2021_Human,Viral myocarditis,3/60,0.1518314292648267,0.7781732431315836,0,0,2.3004484304932737,4.33630938503614,CD40LG;CD28;FYN
46,KEGG_2021_Human,Ras signaling pathway,8/232,0.1525178893309554,0.7781732431315836,0,0,1.5651927437641724,2.943303293484992,TIAM1;GNG2;CSF1;RASA3;FLT3LG;ETS1;RASGRP1;LAT
47,KEGG_2021_Human,Circadian rhythm,2/31,0.1530832609439181,0.7781732431315836,0,0,3.011957108693976,5.652760731831514,RORA;ARNTL
48,KEGG_2021_Human,Salivary secretion,4/93,0.1566880685892192,0.7802426272606017,0,0,1.9656104027269283,3.64325548932162,PRKG2;ITPR3;ATP1B2;RYR3
49,KEGG_2021_Human,Riboflavin metabolism,1/8,0.1661305275499882,0.7991814110085862,0,0,6.232142857142857,11.186581065771808,BLVRB
50,KEGG_2021_Human,Fructose and mannose metabolism,2/33,0.1689729582772015,0.7991814110085862,0,0,2.8173486324601287,5.0092926000340245,PMM1;PFKM
51,KEGG_2021_Human,GnRH secretion,3/64,0.1736401516916457,0.7991814110085862,0,0,2.149158273910167,3.7626822931808896,HCN3;TRPC1;ITPR3
52,KEGG_2021_Human,Circadian entrainment,4/97,0.1740266225019579,0.7991814110085862,0,0,1.8806814063066328,3.2884598094881623,GNG2;PRKG2;ITPR3;RYR3
53,KEGG_2021_Human,Tight junction,6/169,0.1807565227111995,0.7991814110085862,0,0,1.610990319766234,2.7557670192739647,TIAM1;PATJ;DLG3;CTTN;PPP2R2B;MYH10
54,KEGG_2021_Human,Acute myeloid leukemia,3/67,0.1905376237916464,0.7991814110085862,0,0,2.048101177130045,3.3955584185030725,LEF1;TCF7;PIM2
55,KEGG_2021_Human,Glycolysis / Gluconeogenesis,3/67,0.1905376237916464,0.7991814110085862,0,0,2.048101177130045,3.3955584185030725,PKLR;ENO2;PFKM
56,KEGG_2021_Human,Long-term potentiation,3/67,0.1905376237916464,0.7991814110085862,0,0,2.048101177130045,3.3955584185030725,PPP3CC;CAMK4;ITPR3
57,KEGG_2021_Human,Rap1 signaling pathway,7/210,0.1944103816445263,0.7991814110085862,0,0,1.5094398502106412,2.472136412785205,TIAM1;CSF1;CDH1;EVL;SKAP1;LAT;PFN2
58,KEGG_2021_Human,Apelin signaling pathway,5/137,0.195215303869344,0.7991814110085862,0,0,1.656685094185094,2.7064472605956547,GNG2;CDH1;CAMK4;ITPR3;RYR3
59,KEGG_2021_Human,Aldosterone-regulated sodium reabsorption,2/37,0.2014807279845254,0.7991814110085862,0,0,2.4948545861297537,3.996910592621142,ATP1B2;NR3C2
60,KEGG_2021_Human,Renin secretion,3/69,0.2020252919333129,0.7991814110085862,0,0,1.985833673053404,3.176067673249117,PPP3CC;PRKG2;ITPR3
61,KEGG_2021_Human,Measles,5/139,0.2030706864038211,0.7991814110085862,0,0,1.6317903724620142,2.601402091055089,IL2RB;CD28;CD3G;CD3E;SLAMF1
62,KEGG_2021_Human,Non-small cell lung cancer,3/72,0.2195455153183291,0.8256069688319365,0,0,1.899200623903295,2.879559836267448,EML4;KIF5C;FHIT
63,KEGG_2021_Human,Regulation of actin cytoskeleton,7/218,0.2197966303109761,0.8256069688319365,0,0,1.4516094443610474,2.199264616173363,CYFIP2;NCKAP1;TIAM1;SPATA13;ITGA1;MYH10;PFN2
64,KEGG_2021_Human,Glucagon signaling pathway,4/107,0.2199362826806388,0.8256069688319365,0,0,1.6972182829715283,2.570296897222044,PPP3CC;SLC2A1;ITPR3;PFKM
65,KEGG_2021_Human,Cholinergic synapse,4/113,0.248879580980497,0.9081543445012616,0,0,1.6032986290073188,2.229845463429159,GNG2;CAMK4;ITPR3;FYN
66,KEGG_2021_Human,Arrhythmogenic right ventricular cardiomyopathy,3/77,0.2493702503343628,0.9081543445012616,0,0,1.7704217670585385,2.458791028967812,ITGA1;LEF1;TCF7
67,KEGG_2021_Human,Glutamatergic synapse,4/114,0.2537831589776014,0.9106336880960992,0,0,1.5886414708886618,2.1784644622918647,PPP3CC;GNG2;TRPC1;ITPR3
68,KEGG_2021_Human,RNA degradation,3/79,0.2614697268392389,0.9173303438848612,0,0,1.7236547085201794,2.312173803971939,ENO2;CNOT9;PFKM
69,KEGG_2021_Human,Transcriptional misregulation in cancer,6/192,0.2631685412784437,0.9173303438848612,0,0,1.4101070414330446,1.8824373571734072,MAF;BCL11B;IL2RB;GZMB;TRAF1;MLLT3
70,KEGG_2021_Human,Glycosphingolipid biosynthesis,2/45,0.2680332954284201,0.9211285082328804,0,0,2.0298631704906094,2.672607305352985,B3GALT2;A4GALT
71,KEGG_2021_Human,B cell receptor signaling pathway,3/81,0.2736420535589371,0.9238381794783448,0,0,1.6792859606760953,2.176244444745043,IFITM1;PPP3CC;CARD11
72,KEGG_2021_Human,Type II diabetes mellitus,2/46,0.276394209434095,0.9238381794783448,0,0,1.983628228594672,2.55080136937908,SOCS3;PKLR
73,KEGG_2021_Human,Pathogenic Escherichia coli infection,6/197,0.2822816663472739,0.9269851329333056,0,0,1.3728386890903288,1.7364348644654115,CYFIP2;NCKAP1;CTTN;MYO6;FYN;MYH10
74,KEGG_2021_Human,Thyroid hormone signaling pathway,4/121,0.2886032121804409,0.9269851329333056,0,0,1.4930567559781045,1.8554253670105287,TBC1D4;SLC2A1;ATP1B2;PFKM
75,KEGG_2021_Human,Thiamine metabolism,1/15,0.288733074192341,0.9269851329333056,0,0,3.114955357142857,3.8695615046164367,AK1
76,KEGG_2021_Human,Cocaine addiction,2/49,0.3014273570515035,0.939839988591204,0,0,1.8567280689228427,2.2266370028135385,RGS9;CDK5R1
77,KEGG_2021_Human,Platelet activation,4/124,0.3037330652330067,0.939839988591204,0,0,1.455505617977528,1.734389283017379,PRKG2;ITPR3;FYN;RASGRP1
78,KEGG_2021_Human,Insulin secretion,3/86,0.3042924553225619,0.939839988591204,0,0,1.577718947539035,1.877116386482064,SLC2A1;ITPR3;ATP1B2
79,KEGG_2021_Human,Salmonella infection,7/249,0.3269807980252442,0.9903534376897734,0,0,1.2636307542724654,1.412554480194459,CYFIP2;NCKAP1;KIF5C;MYO6;TCF7;LEF1;PFN2
80,KEGG_2021_Human,Fatty acid biosynthesis,1/18,0.3356060873889779,0.9903534376897734,0,0,2.564863445378151,2.8003619374189346,ACSL6
81,KEGG_2021_Human,Human immunodeficiency virus 1 infection,6/212,0.3411676207985115,0.9903534376897734,0,0,1.2718884919678275,1.3677651837382847,PPP3CC;GNG2;CD3G;ITPR3;CD247;CD3E
82,KEGG_2021_Human,Phosphatidylinositol signaling system,3/97,0.371922871139332,0.9903534376897734,0,0,1.3923051235569126,1.3770855325240623,MTMR1;DGKA;ITPR3
83,KEGG_2021_Human,Aldosterone synthesis and secretion,3/98,0.3780321852580316,0.9903534376897734,0,0,1.377578475336323,1.3400751973738916,CAMK4;ITPR3;ATP1B2
84,KEGG_2021_Human,NOD-like receptor signaling pathway,5/181,0.3837246789168418,0.9903534376897734,0,0,1.2396985053235052,1.1874203766294285,GBP5;CCL5;CCL2;ITPR3;GBP1
85,KEGG_2021_Human,Long-term depression,2/60,0.3912823204399616,0.9903534376897734,0,0,1.5037414178816633,1.4109995680018337,PRKG2;ITPR3
86,KEGG_2021_Human,Mineral absorption,2/60,0.3912823204399616,0.9903534376897734,0,0,1.5037414178816633,1.4109995680018337,ATP7B;ATP1B2
87,KEGG_2021_Human,PI3K-Akt signaling pathway,9/354,0.399906656433512,0.9903534376897734,0,0,1.138695652173913,1.043642028305097,GNG2;CSF1;IL7;PPP2R2B;ITGA1;IL2RB;FLT3LG;IL7R;EPOR
88,KEGG_2021_Human,Pancreatic secretion,3/102,0.4023321632001303,0.9903534376897734,0,0,1.3216469629025682,1.2033294987627996,TRPC1;ITPR3;ATP1B2
89,KEGG_2021_Human,Protein export,1/23,0.4069781277533795,0.9903534376897734,0,0,1.98143262987013,1.781299681878175,SEC11C
90,KEGG_2021_Human,Proximal tubule bicarbonate reclamation,1/23,0.4069781277533795,0.9903534376897734,0,0,1.98143262987013,1.781299681878175,ATP1B2
91,KEGG_2021_Human,C-type lectin receptor signaling pathway,3/104,0.4143829611590423,0.9903534376897734,0,0,1.2953425387381787,1.141151058519121,PPP3CC;IL23A;ITPR3
92,KEGG_2021_Human,Prion disease,7/273,0.4147285781214109,0.9903534376897734,0,0,1.1481900452488687,1.0105576542587482,PPP3CC;KIF5C;CCL5;ITPR3;FYN;NCAM1;RYR3
93,KEGG_2021_Human,Basal cell carcinoma,2/63,0.4149397395555896,0.9903534376897734,0,0,1.429566875710566,1.2574784388715492,LEF1;TCF7
94,KEGG_2021_Human,Cytosolic DNA-sensing pathway,2/63,0.4149397395555896,0.9903534376897734,0,0,1.429566875710566,1.2574784388715492,ZBP1;CCL5
95,KEGG_2021_Human,Insulin resistance,3/108,0.4382418046447843,0.9903534376897734,0,0,1.2457399103139013,1.027716061653118,SOCS3;TBC1D4;SLC2A1
96,KEGG_2021_Human,Maturity onset diabetes of the young,1/26,0.4460739872148485,0.9903534376897734,0,0,1.7433928571428572,1.4073895364940698,PKLR
97,KEGG_2021_Human,Fc epsilon RI signaling pathway,2/68,0.4533069186613778,0.9903534376897734,0,0,1.320927394752898,1.0450990745385134,FYN;LAT
98,KEGG_2021_Human,Oxytocin signaling pathway,4/154,0.4556181852295828,0.9903534376897734,0,0,1.1626067415730337,0.9139253145297376,PPP3CC;CAMK4;ITPR3;RYR3
99,KEGG_2021_Human,Amphetamine addiction,2/69,0.4608078597817628,0.9903534376897734,0,0,1.30114528030986,1.0080936803423433,PPP3CC;CAMK4
100,KEGG_2021_Human,Renal cell carcinoma,2/69,0.4608078597817628,0.9903534376897734,0,0,1.30114528030986,1.0080936803423433,SLC2A1;ETS1
101,KEGG_2021_Human,Cellular senescence,4/156,0.4654788602243105,0.9903534376897734,0,0,1.1471910112359551,0.8772438841252758,PPP3CC;ITPR3;ETS1;ZFP36L1
102,KEGG_2021_Human,Serotonergic synapse,3/113,0.4675287445598064,0.9903534376897734,0,0,1.188809620872401,0.903845352640535,GNG2;TRPC1;ITPR3
103,KEGG_2021_Human,Central carbon metabolism in cancer,2/70,0.4682484084725377,0.9903534376897734,0,0,1.2819449927622055,0.9726838863640188,SLC2A1;PFKM
104,KEGG_2021_Human,Phototransduction,1/28,0.4706982911807472,0.9903534376897734,0,0,1.6140873015873016,1.2162760540500523,RGS9
105,KEGG_2021_Human,Inositol phosphate metabolism,2/73,0.490197363673561,0.9903534376897734,0,0,1.227589249141381,0.8752063006968456,MTMR1;PLCH2
106,KEGG_2021_Human,Pentose phosphate pathway,1/30,0.4942302694867273,0.9903534376897734,0,0,1.5026169950738917,1.0589749438142602,PFKM
107,KEGG_2021_Human,Endocytosis,6/252,0.4997936139856276,0.9903534376897734,0,0,1.062875075703353,0.7371676776841674,TFRC;BIN1;KIF5C;DNAJC6;IL2RB;LDLRAP1
108,KEGG_2021_Human,Sphingolipid signaling pathway,3/119,0.5017447910358913,0.9903534376897734,0,0,1.1269715478583575,0.7772313370086456,PPP2R2B;S1PR1;FYN
109,KEGG_2021_Human,Thyroid hormone synthesis,2/75,0.5045104078204748,0.9903534376897734,0,0,1.193834084153106,0.8167816563438876,ITPR3;ATP1B2
110,KEGG_2021_Human,Asthma,1/31,0.5056018309560446,0.9903534376897734,0,0,1.4524553571428571,0.9905829993133568,CD40LG
111,KEGG_2021_Human,Galactose metabolism,1/31,0.5056018309560446,0.9903534376897734,0,0,1.4524553571428571,0.9905829993133568,PFKM
112,KEGG_2021_Human,AMPK signaling pathway,3/120,0.5073386714069484,0.9903534376897734,0,0,1.1172818213176958,0.758161196154813,PPP2R2B;LEPR;PFKM
113,KEGG_2021_Human,Gastric acid secretion,2/76,0.5115687190702911,0.9903534376897734,0,0,1.1776407279762984,0.7893412011139398,ITPR3;ATP1B2
114,KEGG_2021_Human,cGMP-PKG signaling pathway,4/167,0.5184521599279206,0.9903534376897734,0,0,1.0691666092231336,0.7023435877210071,PPP3CC;PRKG2;ITPR3;ATP1B2
115,KEGG_2021_Human,Bacterial invasion of epithelial cells,2/77,0.5185606745678756,0.9903534376897734,0,0,1.1618791946308724,0.7630040207444658,CTTN;CDH1
116,KEGG_2021_Human,Base excision repair,1/33,0.5275853091643797,0.9903534376897734,0,0,1.3615373883928572,0.8706278711803396,POLE2
117,KEGG_2021_Human,Influenza A,4/172,0.5417091545378123,0.9903534376897734,0,0,1.0370786516853931,0.63575621570904,SOCS3;IFNG;CCL5;CCL2
118,KEGG_2021_Human,Purine metabolism,3/129,0.5561417359106566,0.9903534376897734,0,0,1.0369955156950672,0.6084385530011424,PKLR;AK1;FHIT
119,KEGG_2021_Human,DNA replication,1/36,0.5587451835377656,0.9903534376897734,0,0,1.2446428571428572,0.7244590034843406,POLE2
120,KEGG_2021_Human,Mucin type O-glycan biosynthesis,1/36,0.5587451835377656,0.9903534376897734,0,0,1.2446428571428572,0.7244590034843406,ST6GALNAC1
121,KEGG_2021_Human,FoxO signaling pathway,3/131,0.5665886820192156,0.9903534376897734,0,0,1.0206873598654709,0.5798746044160057,S1PR1;FBXO32;IL7R
122,KEGG_2021_Human,African trypanosomiasis,1/37,0.5686691898135564,0.9903534376897734,0,0,1.2100074404761905,0.6829964470383526,IFNG
123,KEGG_2021_Human,Human cytomegalovirus infection,5/225,0.5715488209305556,0.9903534376897734,0,0,0.989506552006552,0.5535352822521248,PPP3CC;GNG2;CCL5;CCL2;ITPR3
124,KEGG_2021_Human,Complement and coagulation cascades,2/85,0.572049422190514,0.9903534376897734,0,0,1.0494595832996416,0.5861545444694249,CFI;F5
125,KEGG_2021_Human,Vascular smooth muscle contraction,3/133,0.5768838563273821,0.9903534376897734,0,0,1.004880993446016,0.5527994259943184,PRKCH;ITPR3;MYH10
126,KEGG_2021_Human,Colorectal cancer,2/86,0.5784245838493388,0.9903534376897734,0,0,1.0369127516778522,0.5676548849182413,LEF1;TCF7
127,KEGG_2021_Human,Cardiac muscle contraction,2/87,0.5847299635706262,0.9903534376897734,0,0,1.0246611396236347,0.5498384333116553,TPM1;ATP1B2
128,KEGG_2021_Human,Systemic lupus erythematosus,3/135,0.5870246873137215,0.9903534376897734,0,0,0.9895536078271504,0.5271237313192407,CD40LG;IFNG;CD28
129,KEGG_2021_Human,Alzheimer disease,8/369,0.5894897250720749,0.9903534376897734,0,0,0.9643155507817162,0.5096388294072255,PPP3CC;CSF1;KIF5C;ITPR3;APOE;APBB1;RYR3;CDK5R1
130,KEGG_2021_Human,Gap junction,2/88,0.5909654748458616,0.9903534376897734,0,0,1.0126944487799805,0.5326749321048829,PRKG2;ITPR3
131,KEGG_2021_Human,Bile secretion,2/90,0.6032267386617932,0.9903534376897734,0,0,0.9895769778320114,0.500193692209838,SLC2A1;ATP1B2
132,KEGG_2021_Human,Hypertrophic cardiomyopathy,2/90,0.6032267386617932,0.9903534376897734,0,0,0.9895769778320114,0.500193692209838,ITGA1;TPM1
133,KEGG_2021_Human,Bladder cancer,1/41,0.6061874310765375,0.9903534376897734,0,0,1.0887834821428573,0.5450080453591212,CDH1
134,KEGG_2021_Human,Fluid shear stress and atherosclerosis,3/139,0.6068346280127398,0.9903534376897734,0,0,0.9602512529675548,0.479644508472411,IFNG;CCL2;ACVR2A
135,KEGG_2021_Human,Small cell lung cancer,2/92,0.6152084318909079,0.9903534376897734,0,0,0.9674869500372856,0.4699995053186346,TRAF1;FHIT
136,KEGG_2021_Human,Apoptosis,3/142,0.6212723984823557,0.9903534376897734,0,0,0.9393812304416556,0.4471319839971266,GZMB;ITPR3;TRAF1
137,KEGG_2021_Human,Fatty acid degradation,1/43,0.6237070164829922,0.9903534376897734,0,0,1.0368303571428572,0.4894612198587184,ACSL6
138,KEGG_2021_Human,Signaling pathways regulating pluripotency of stem cells,3/143,0.6260041118018572,0.9903534376897734,0,0,0.9326233183856504,0.436839213738831,TCF7;IL6ST;ACVR2A
139,KEGG_2021_Human,IL-17 signaling pathway,2/94,0.6269111559838955,0.9903534376897734,0,0,0.9463573582336348,0.4419019899201571,IFNG;CCL2
140,KEGG_2021_Human,Calcium signaling pathway,5/240,0.6286341802456762,0.9903534376897734,0,0,0.9256277554149894,0.4296817550297305,PPP3CC;CAMK4;ITPR3;MCOLN2;RYR3
141,KEGG_2021_Human,Vasopressin-regulated water reabsorption,1/44,0.6321729667354311,0.9903534376897734,0,0,1.0126661129568106,0.4644008218581149,AQP3
142,KEGG_2021_Human,Staphylococcus aureus infection,2/95,0.6326582296598519,0.9903534376897734,0,0,0.9361333621996104,0.4285851855868548,CFI;KRT13
143,KEGG_2021_Human,Dilated cardiomyopathy,2/96,0.6383360091485758,0.9903534376897734,0,0,0.9261268979960968,0.4157295423799305,ITGA1;TPM1
144,KEGG_2021_Human,ABC transporters,1/45,0.6404488612387207,0.9903534376897734,0,0,0.9896002435064936,0.4409520168451382,ABCD2
145,KEGG_2021_Human,Fc gamma R-mediated phagocytosis,2/97,0.6439447020429393,0.9903534376897734,0,0,0.916331096196868,0.403316188911359,BIN1;LAT
146,KEGG_2021_Human,Prostate cancer,2/97,0.6439447020429393,0.9903534376897734,0,0,0.916331096196868,0.403316188911359,TCF7;LEF1
147,KEGG_2021_Human,Proteasome,1/46,0.6485389574553723,0.9903534376897734,0,0,0.9675595238095238,0.418985400513551,IFNG
148,KEGG_2021_Human,Choline metabolism in cancer,2/98,0.6494845413630438,0.9903534376897734,0,0,0.9067393736017896,0.3913271731291526,SLC44A2;DGKA
149,KEGG_2021_Human,Inflammatory mediator regulation of TRP channels,2/98,0.6494845413630438,0.9903534376897734,0,0,0.9067393736017896,0.3913271731291526,PRKCH;ITPR3
150,KEGG_2021_Human,Gastric cancer,3/149,0.6535369045275208,0.9903534376897734,0,0,0.8940199029424412,0.3802769760461936,CDH1;TCF7;LEF1
151,KEGG_2021_Human,Carbohydrate digestion and absorption,1/47,0.6564474175880871,0.9903534376897734,0,0,0.946477096273292,0.3983842144776097,ATP1B2
152,KEGG_2021_Human,Nucleotide excision repair,1/47,0.6564474175880871,0.9903534376897734,0,0,0.946477096273292,0.3983842144776097,POLE2
153,KEGG_2021_Human,Pyruvate metabolism,1/47,0.6564474175880871,0.9903534376897734,0,0,0.946477096273292,0.3983842144776097,PKLR
154,KEGG_2021_Human,Adrenergic signaling in cardiomyocytes,3/150,0.6579820734332718,0.9903534376897734,0,0,0.8878923766816144,0.3716518530312332,PPP2R2B;TPM1;ATP1B2
155,KEGG_2021_Human,Amino sugar and nucleotide sugar metabolism,1/48,0.6641783106579073,0.9903534376897734,0,0,0.92629179331307,0.3790428863018313,PMM1
156,KEGG_2021_Human,Melanogenesis,2/101,0.6656936261652016,0.9903534376897734,0,0,0.8791268388583825,0.3577393351105513,TCF7;LEF1
157,KEGG_2021_Human,Sphingolipid metabolism,1/49,0.6717356148597702,0.9903534376897734,0,0,0.9069475446428572,0.3608657631645941,UGCG
158,KEGG_2021_Human,Protein digestion and absorption,2/103,0.6761607279530112,0.9903534376897734,0,0,0.8616297871397878,0.3371768180277552,DPP4;ATP1B2
159,KEGG_2021_Human,Proteoglycans in cancer,4/205,0.6789618497228148,0.9903534376897734,0,0,0.8653362401475767,0.3350498321519681,TIAM1;CTTN;ITPR3;ANK1
160,KEGG_2021_Human,Cysteine and methionine metabolism,1/50,0.6791232194907921,0.9903534376897734,0,0,0.8883928571428571,0.343766011074968,GCLM
161,KEGG_2021_Human,Cushing syndrome,3/155,0.6795904733832563,0.9903534376897734,0,0,0.8584641255605381,0.3315945658448084,TCF7;LEF1;ITPR3
162,KEGG_2021_Human,Non-alcoholic fatty liver disease,3/155,0.6795904733832563,0.9903534376897734,0,0,0.8584641255605381,0.3315945658448084,SOCS3;PKLR;LEPR
163,KEGG_2021_Human,Hepatitis C,3/157,0.6879459395028856,0.9903534376897734,0,0,0.8472278842233999,0.316901371271695,SOCS3;IFNG;PPP2R2B
164,KEGG_2021_Human,"Parathyroid hormone synthesis, secretion and action",2/106,0.691359984377851,0.9903534376897734,0,0,0.8366460161762175,0.3088015512751738,ITPR3;GATA3
165,KEGG_2021_Human,Necroptosis,3/159,0.6961374020164525,0.9903534376897734,0,0,0.836279751638496,0.3029074014685379,ZBP1;IFNG;STAT4
166,KEGG_2021_Human,Endocrine and other factor-regulated calcium reabsorption,1/53,0.7003054353527158,0.9903534376897734,0,0,0.8370106456043956,0.2981755866931659,ATP1B2
167,KEGG_2021_Human,Glycosaminoglycan biosynthesis,1/53,0.7003054353527158,0.9903534376897734,0,0,0.8370106456043956,0.2981755866931659,CSGALNACT1
168,KEGG_2021_Human,Regulation of lipolysis in adipocytes,1/55,0.7136458927290402,0.9903534376897734,0,0,0.8059275793650794,0.2718944884760563,PRKG2
169,KEGG_2021_Human,Lipid and atherosclerosis,4/215,0.7143948005589428,0.9903534376897734,0,0,0.8238990361574099,0.277093334547609,PPP3CC;CD40LG;CCL5;CCL2
170,KEGG_2021_Human,Toxoplasmosis,2/112,0.7199941136291729,0.9903534376897734,0,0,0.7907667276794793,0.2597765510205781,CD40LG;IFNG
171,KEGG_2021_Human,Wnt signaling pathway,3/166,0.7235257073354034,0.9903534376897734,0,0,0.8000770310049795,0.2589202900194441,PPP3CC;TCF7;LEF1
172,KEGG_2021_Human,Glutathione metabolism,1/57,0.7263937794213728,0.9903534376897734,0,0,0.7770647321428571,0.2483988553628853,GCLM
173,KEGG_2021_Human,Leukocyte transendothelial migration,2/114,0.7290294104845182,0.9903534376897734,0,0,0.776565995525727,0.2454268523567032,ITK;TXK
174,KEGG_2021_Human,Hepatocellular carcinoma,3/168,0.7309884786016383,0.9903534376897734,0,0,0.7902975947818998,0.2476457421785413,TCF7;LEF1;DPF3
175,KEGG_2021_Human,VEGF signaling pathway,1/59,0.7385753607404106,0.9903534376897734,0,0,0.7501924261083743,0.227332413691682,PPP3CC
176,KEGG_2021_Human,Arachidonic acid metabolism,1/61,0.7502157400902765,0.9903534376897734,0,0,0.7251116071428572,0.208393059037335,EPHX2
177,KEGG_2021_Human,Glycerolipid metabolism,1/61,0.7502157400902765,0.9903534376897734,0,0,0.7251116071428572,0.208393059037335,DGKA
178,KEGG_2021_Human,"Growth hormone synthesis, secretion and action",2/119,0.750541219332204,0.9903534376897734,0,0,0.7431882062754546,0.2132658130490436,SOCS3;ITPR3
179,KEGG_2021_Human,Human papillomavirus infection,6/331,0.7562701491873874,0.9903534376897734,0,0,0.8012224344504254,0.223826796314872,PATJ;DLG3;PPP2R2B;TCF7;ITGA1;OASL
180,KEGG_2021_Human,Lysine degradation,1/63,0.7613389107587669,0.9903534376897734,0,0,0.701648905529954,0.19132328779589,PLOD2
181,KEGG_2021_Human,Cell cycle,2/124,0.7705689258377504,0.9903534376897734,0,0,0.7125463013899586,0.1857082150723389,CDC14B;CDC25B
182,KEGG_2021_Human,Cortisol synthesis and secretion,1/65,0.7719678044497259,0.9903534376897734,0,0,0.6796526227678571,0.1759025495102779,ITPR3
183,KEGG_2021_Human,Tuberculosis,3/180,0.7724758896080968,0.9903534376897734,0,0,0.7362620658204758,0.1900693518946292,PPP3CC;IFNG;IL23A
184,KEGG_2021_Human,Neuroactive ligand-receptor interaction,6/341,0.7806066163375144,0.9903534376897734,0,0,0.7769010478083622,0.1924259189654266,P2RY10;GZMA;NMU;LEPR;S1PR1;PTGDR
185,KEGG_2021_Human,Lysosome,2/128,0.7855694872871907,0.9903534376897734,0,0,0.6897837434750187,0.1664767975423811,ARSG;CTSE
186,KEGG_2021_Human,Mitophagy,1/68,0.7870320528678914,0.9903534376897734,0,0,0.6491204690831557,0.1554554616543407,OPTN
187,KEGG_2021_Human,Retinol metabolism,1/68,0.7870320528678914,0.9903534376897734,0,0,0.6491204690831557,0.1554554616543407,ALDH1A1
188,KEGG_2021_Human,Oocyte meiosis,2/129,0.7891825171127185,0.9903534376897734,0,0,0.6843171449206433,0.1620173243890312,PPP3CC;ITPR3
189,KEGG_2021_Human,Alcoholism,3/186,0.791177788762395,0.9903534376897734,0,0,0.7119017863706535,0.1667505863732089,GNG2;PKIA;CAMK4
190,KEGG_2021_Human,MAPK signaling pathway,5/294,0.7925543798557698,0.9903534376897734,0,0,0.7505689080083544,0.1745028858907908,PPP3CC;CSF1;FLT3LG;RASGRP1;CDC25B
191,KEGG_2021_Human,Epithelial cell signaling in Helicobacter pylori infection,1/70,0.7965190318948331,0.9903534376897734,0,0,0.6302406832298136,0.1433824374308989,CCL5
192,KEGG_2021_Human,Prolactin signaling pathway,1/70,0.7965190318948331,0.9903534376897734,0,0,0.6302406832298136,0.1433824374308989,SOCS3
193,KEGG_2021_Human,Melanoma,1/72,0.8055842942906454,0.9903534376897734,0,0,0.6124245472837022,0.1323984910497645,CDH1
194,KEGG_2021_Human,Shigellosis,4/246,0.805800664285597,0.9903534376897734,0,0,0.7172067972885133,0.1548584897221624,CTTN;CCL5;ITPR3;PFN2
195,KEGG_2021_Human,PPAR signaling pathway,1/74,0.8142465462708772,0.9903534376897734,0,0,0.5955846379647749,0.1223879239526689,ACSL6
196,KEGG_2021_Human,Estrogen signaling pathway,2/137,0.8162031802684397,0.9903534376897734,0,0,0.6434998757146408,0.1306896507517429,KRT13;ITPR3
197,KEGG_2021_Human,Insulin signaling pathway,2/137,0.8162031802684397,0.9903534376897734,0,0,0.6434998757146408,0.1306896507517429,SOCS3;PKLR
198,KEGG_2021_Human,Glioma,1/75,0.8184321616719992,0.9903534376897734,0,0,0.5875060328185329,0.1177155093099112,CAMK4
199,KEGG_2021_Human,Pertussis,1/76,0.8225236661648837,0.9903534376897734,0,0,0.5796428571428571,0.1132494756507452,IL23A
200,KEGG_2021_Human,Leishmaniasis,1/77,0.8265231710552513,0.9903534376897734,0,0,0.5719866071428571,0.1089790793155432,IFNG
201,KEGG_2021_Human,Amyotrophic lateral sclerosis,6/364,0.8295576090157221,0.9903534376897734,0,0,0.7261182642470712,0.1356844349684559,PPP3CC;KIF5C;RAB39B;ITPR3;OPTN;PFN2
202,KEGG_2021_Human,Spinocerebellar ataxia,2/143,0.8343936985977735,0.9903534376897734,0,0,0.6159265076871817,0.1115134494636564,RORA;ITPR3
203,KEGG_2021_Human,Epstein-Barr virus infection,3/202,0.8348755755200582,0.9903534376897734,0,0,0.6541226310926831,0.1180511966376875,CD3G;CD247;CD3E
204,KEGG_2021_Human,Viral carcinogenesis,3/203,0.8373258959503982,0.9903534376897734,0,0,0.6508183856502242,0.115547547273736,TRAF1;IL6ST;CCR4
205,KEGG_2021_Human,Pathways of neurodegeneration,8/475,0.839927521253525,0.9903534376897734,0,0,0.7413169407663137,0.1293150862855952,PPP3CC;CSF1;KIF5C;RAB39B;ITPR3;OPTN;RYR3;CDK5R1
206,KEGG_2021_Human,Breast cancer,2/147,0.845602063046739,0.9903534376897734,0,0,0.598812003394276,0.1004246081720847,TCF7;LEF1
207,KEGG_2021_Human,Phospholipase D signaling pathway,2/148,0.848294542939191,0.9903534376897734,0,0,0.5946799056112286,0.0978411179639233,DGKA;FYN
208,KEGG_2021_Human,Retrograde endocannabinoid signaling,2/148,0.848294542939191,0.9903534376897734,0,0,0.5946799056112286,0.0978411179639233,GNG2;ITPR3
209,KEGG_2021_Human,Taste transduction,1/86,0.8587045360714017,0.9912934232890012,0,0,0.5111869747899159,0.0778693055231522,ITPR3
210,KEGG_2021_Human,ECM-receptor interaction,1/88,0.8650043488298429,0.9912934232890012,0,0,0.4993842364532019,0.072421073768971,ITGA1
211,KEGG_2021_Human,cAMP signaling pathway,3/216,0.8664284999650125,0.9912934232890012,0,0,0.6106865407692793,0.0875576036312664,TIAM1;CAMK4;ATP1B2
212,KEGG_2021_Human,GABAergic synapse,1/89,0.8680483551753333,0.9912934232890012,0,0,0.4936840503246753,0.069860172068661,GNG2
213,KEGG_2021_Human,Morphine addiction,1/91,0.8739324333280408,0.9912934232890012,0,0,0.4826636904761904,0.0650400007739125,GNG2
214,KEGG_2021_Human,GnRH signaling pathway,1/93,0.8795546785635122,0.9912934232890012,0,0,0.4721224767080745,0.0605919846390233,ITPR3
215,KEGG_2021_Human,Glycerophospholipid metabolism,1/98,0.8925398079344758,0.9912934232890012,0,0,0.4476712076583211,0.050893126808339,DGKA
216,KEGG_2021_Human,mRNA surveillance pathway,1/98,0.8925398079344758,0.9912934232890012,0,0,0.4476712076583211,0.050893126808339,PPP2R2B
217,KEGG_2021_Human,Thermogenesis,3/232,0.8958876250047126,0.9912934232890012,0,0,0.5675485146963792,0.0623964496536666,ACSL6;DPF3;PRKG2
218,KEGG_2021_Human,AGE-RAGE signaling pathway in diabetic complications,1/100,0.8973338701788899,0.9912934232890012,0,0,0.4385822510822511,0.0475104217099402,CCL2
219,KEGG_2021_Human,Progesterone-mediated oocyte maturation,1/100,0.8973338701788899,0.9912934232890012,0,0,0.4385822510822511,0.0475104217099402,CDC25B
220,KEGG_2021_Human,Amoebiasis,1/102,0.901914508074419,0.9912934232890012,0,0,0.4298532531824611,0.0443761343536949,IFNG
221,KEGG_2021_Human,Longevity regulating pathway,1/102,0.901914508074419,0.9912934232890012,0,0,0.4298532531824611,0.0443761343536949,CAMK4
222,KEGG_2021_Human,Toll-like receptor signaling pathway,1/104,0.9062912026724776,0.9916370109958949,0,0,0.4214632454923717,0.0414697111759589,CCL5
223,KEGG_2021_Human,Drug metabolism,1/108,0.914468603365345,0.9916903965384186,0,0,0.4056241655540721,0.0362677262043325,CES1
224,KEGG_2021_Human,Ribosome biogenesis in eukaryotes,1/108,0.914468603365345,0.9916903965384186,0,0,0.4056241655540721,0.0362677262043325,REXO2
225,KEGG_2021_Human,Parkinson disease,3/249,0.9206751638596246,0.9940032742555238,0,0,0.5278628458930329,0.0436268107742078,KIF5C;ITPR3;RYR3
226,KEGG_2021_Human,Neurotrophin signaling pathway,1/119,0.9334675055448368,0.999955756097658,0,0,0.3676036622276029,0.0253091908139036,CAMK4
227,KEGG_2021_Human,Focal adhesion,2/201,0.9423278869136744,0.999955756097658,0,0,0.4351061796679145,0.0258461727986938,ITGA1;FYN
228,KEGG_2021_Human,Diabetic cardiomyopathy,2/203,0.944457886687504,0.999955756097658,0,0,0.4307322448161875,0.024613841350835,TBC1D4;SLC2A1
229,KEGG_2021_Human,Relaxin signaling pathway,1/129,0.9470571459556408,0.999955756097658,0,0,0.3387102399553571,0.0184244291768725,GNG2
230,KEGG_2021_Human,Autophagy,1/137,0.9559048762989004,0.999955756097658,0,0,0.3186548056722689,0.0143703351941412,RAB39B
231,KEGG_2021_Human,Ubiquitin mediated proteolysis,1/140,0.9588280785383916,0.999955756097658,0,0,0.3117291880781089,0.0131061835524523,SOCS3
232,KEGG_2021_Human,Coronavirus disease,2/232,0.968053417898332,0.999955756097658,0,0,0.3758583795350647,0.0122033734181777,CCL2;IL6ST
233,KEGG_2021_Human,Phagosome,1/152,0.96871045527364,0.999955756097658,0,0,0.2867786187322611,0.0091165544953686,TFRC
234,KEGG_2021_Human,Herpes simplex virus 1 infection,6/498,0.969241294039855,0.999955756097658,0,0,0.5246655288223311,0.0163914349893012,SOCS3;IFNG;CCL5;LTA;CCL2;NECTIN1
235,KEGG_2021_Human,mTOR signaling pathway,1/154,0.9701100340845464,0.999955756097658,0,0,0.283000700280112,0.008587876061641,PRR5
236,KEGG_2021_Human,Hepatitis B,1/162,0.9751108141449992,0.999955756097658,0,0,0.2688276397515527,0.0067755745514989,STAT4
237,KEGG_2021_Human,Protein processing in endoplasmic reticulum,1/171,0.979745584487516,0.999955756097658,0,0,0.2544774159663865,0.0052072056185276,MAN1C1
238,KEGG_2021_Human,RNA transport,1/186,0.9856357647489364,0.999955756097658,0,0,0.2336631274131274,0.0033807314934499,CYFIP2
239,KEGG_2021_Human,Neutrophil extracellular trap formation,1/189,0.9865901960463804,0.999955756097658,0,0,0.2298988411854103,0.0031037555914966,CLCN4
240,KEGG_2021_Human,MicroRNAs in cancer,2/310,0.993165344149194,0.999955756097658,0,0,0.279540370144397,0.0019171211463843,TPM1;CDC25B
241,KEGG_2021_Human,Chemical carcinogenesis,1/239,0.995742292821761,0.999955756097658,0,0,0.1811318277310924,0.0007728527434947084,EPHX2
242,KEGG_2021_Human,Huntington disease,1/306,0.99908721134957,0.999955756097658,0,0,0.1408518735362997,0.00012862670498882463,KIF5C
243,KEGG_2021_Human,Olfactory transduction,1/440,0.999955756097658,0.999955756097658,0,0,0.0971770257077774,4.299585951236074e-06,PRKG2
